 ,SPY,IVV,VTI,VEA,QQQ,AGG,EFA,VWO
SPY,0.0013478022699149137,0.0013524982958383533,0.001412433500340751,0.0013816685981291542,0.0014364498785922105,-9.441712231245712e-05,0.0013695780276965336,0.0015333524793988726
IVV,0.0013524982958383533,0.0013574478480902381,0.001417292976573532,0.0013882012995517906,0.0014400249530045262,-9.412469736526247e-05,0.0013760888803521659,0.0015417189663966986
VTI,0.001412433500340751,0.001417292976573532,0.0014918853427030622,0.0014505181199559512,0.0015062492978934311,-0.00010217819922873542,0.001436496296875883,0.0016280277264476223
VEA,0.0013816685981291542,0.0013882012995517906,0.0014505181199559512,0.0019752275798616253,0.0014962399163958617,-4.4582821963312546e-05,0.001961047082556219,0.002144462034839265
QQQ,0.0014364498785922105,0.0014400249530045262,0.0015062492978934311,0.0014962399163958617,0.0018153654720842627,-9.087179391477691e-05,0.0014790082075044361,0.0016734067158234924
AGG,-9.441712231245712e-05,-9.412469736526247e-05,-0.00010217819922873542,-4.4582821963312546e-05,-9.087179391477691e-05,8.273944099101402e-05,-4.614495577716311e-05,1.8693583626904077e-05
EFA,0.0013695780276965336,0.0013760888803521659,0.001436496296875883,0.001961047082556219,0.0014790082075044361,-4.614495577716311e-05,0.0019527433439811368,0.0021086141247368554
VWO,0.0015333524793988726,0.0015417189663966986,0.0016280277264476223,0.002144462034839265,0.0016734067158234924,1.8693583626904077e-05,0.0021086141247368554,0.0032722054816173404
