SPY,IVV,VTI,VOO,VEA,QQQ,IEFA,AGG,EFA,VWO
0.09838132967258065,0.09868056608732335,0.09626955685363814,0.09895493387810313,0.01939943970969964,0.126085055989185,0.020276532372184977,0.02894512715772483,0.018562224895502563,0.03593805280207665
