SPY,IVV,VTI,VOO,VEA,QQQ,IEFA,AGG,EFA,VWO
0.09810980443713395,0.09837485278770154,0.09598637594478884,0.09869865779511201,0.01939943970969964,0.12567603585651282,0.020359910646408127,0.029170225840987562,0.018640164035010745,0.03605963252141236
7.667211425450259e-05,7.685207953640128e-05,7.547451728603973e-05,7.631954469601347e-05,5.863694466678582e-05,0.0001453528560590058,5.7903550430090265e-05,2.5625522365749628e-06,5.7280787674449645e-05,0.0001154652764339829
