SPY,IVV,VTI,VOO,VEA,QQQ,IEFA,AGG,EFA,VWO
0.09829082126076504,0.09860863354623593,0.0961987616264258,0.09887607969872118,0.019275185236538567,0.1259097616466112,0.020276532372184977,0.02894512715772483,0.018562224895502563,0.03605963252141236
7.669913041185519e-05,7.688724356162074e-05,7.550720663433668e-05,7.634625682850839e-05,5.862569202659647e-05,0.0001453986084583113,5.789592444176113e-05,2.564804959528816e-06,5.727431914917169e-05,0.0001154652764339829
