SPY,IVV,VTI,VOO,VEA,QQQ,IEFA,AGG,EFA,VWO
0.09841753303730699,0.0987165323578671,0.09626955685363814,0.09893522033325756,0.01939943970969964,0.12602662454166036,0.020276532372184977,0.02894512715772483,0.01848428575599427,0.03593805280207665
0.00011546553596783208,0.00011546553596783208
